,BENCH,60_40,EW_LIVE,MAX_SHARPE_NET,MIN_VAR_NET,RISK_PARITY_NET,MAX_RETURN_NET
2002-08-31,0.006800809453439305,0.026132995310385845,0.014922244083301289,0.0379031019475105,0.02679858112179031,0.013977584207722769,0.039386687872563275
2002-09-30,-0.10485171067980437,-0.04587431983591149,-0.08450308363530934,-0.024889237891311408,-0.03710866576160926,-0.0859216704874691,-0.0264246126551958
2002-10-31,0.08228334979289698,0.03459252800103796,0.06646499463879288,0.012138716601639718,0.011731958843854057,0.06055397772884802,0.011927532559990406
2002-11-30,0.06168107811610679,0.033344261947261436,0.04463137135500627,-0.01358820104013718,-0.006739746065146532,0.039977320594322394,-0.013588966460965357
2002-12-31,-0.05656983203621113,-0.01584020540831492,-0.0484422370995345,-0.057856679765977304,-0.045766457314413866,-0.05978186387177131,-0.0578852305300982
2003-01-31,-0.02459473557802283,-0.017060049277341727,-0.01657514571349898,-0.03462295727292317,-0.02407469624208185,-0.019689829674251615,-0.034588922002344535
2003-02-28,-0.013478609339575565,0.004302370682541891,-0.011643368178581066,-0.028497469045907116,-0.029236631780597367,-0.021522602175380025,-0.028497469045907112
2003-03-31,0.0021391982290495104,-0.004175041871091701,0.010647862949095406,0.0478244201869463,0.034796241877720305,0.021058667723383537,0.04782442018694977
2003-04-30,0.08461235399111477,0.05496040546082441,0.06543322171157433,0.01700566411221195,0.030648217271666958,0.06329795063411033,0.01700566412508242
2003-05-31,0.05483590761274737,0.05817977233894185,0.06973562739210286,-6.970931508802625e-05,0.02845563907449182,0.05507196205073534,-0.008109047216426801
2003-06-30,0.010652037641427858,-0.0008356367822488948,0.007689149192431688,-0.018562678159595374,-0.01333233257867247,0.0007913598708400287,-0.017603762267741647
2003-07-31,0.018027183532347557,-0.02910709147104358,0.030101616609012307,0.026127664370023722,0.02778176680662828,0.03487474831267511,0.02368041306848563
2003-08-31,0.020625302721404726,0.01759744560215557,0.0192030224894109,0.0033486420838690044,0.008683552931225533,0.014052430013949568,0.008140805018388115
2003-09-30,-0.010906183434104988,0.017193703041035024,-0.01437362816702367,-0.0192807395608938,-0.013927111576126704,-0.0160722943851168,-0.03395876781138019
2003-10-31,0.05352702638298501,0.019991127990969776,0.05277153082255366,0.03429715659882138,0.04678203776802138,0.055408540698194945,0.039117648888427746
2003-11-30,0.010921418570826624,0.007910898649481002,-0.007211516633381477,-0.012073773879438407,-0.00033573807282591406,-0.004997837709729575,-0.03856542677196758
2003-12-31,0.050312236891488116,0.03556069966843873,0.04368864007291575,0.033265627355016196,0.03769169386867978,0.043185307016236095,0.029647110243718418
2004-01-31,0.019770535204487905,0.019305379582987434,0.034172443678828414,0.02682778906794476,0.02208538247598948,0.030636147866677923,0.043209939436371955
2004-02-29,0.01357066565298104,0.0172702087607449,0.014523425372844779,0.02232645782133416,0.018779786419614034,0.012213116751603642,0.011743790892666629
2004-03-31,-0.013246184747431888,-0.0023034918896990934,-0.0012395010664100002,-0.0020923443092042363,-0.013661442152905996,-0.008339388083405003,0.030542698060319007
2004-04-30,-0.01892070959238268,-0.036293545680172824,-0.013856583705937413,-0.0034384310014550744,0.009128681106984338,-0.006183299488083967,-0.04504661678660648
2004-05-31,0.017123496584062092,0.009241618389841609,0.02173360691564753,0.028730150010385636,0.02662306933222781,0.022590335752621253,0.03256746311183459
2004-06-30,0.01850125113435319,0.01531456028847029,0.04934363299069196,0.02821682941828088,0.028070819981844887,0.04140930329186483,0.05871615382389107
2004-07-31,-0.03221898985459881,-0.013204856444972313,-0.021496143574392758,-0.028984572291957642,-0.027190746330051325,-0.029269919041847847,-0.0339866297866443
2004-08-31,0.002436106068927968,0.018123983467807084,0.015435698348874887,0.0333172008341193,0.02302296266688395,0.01367178608848728,0.019530019456301614
2004-09-30,0.010037170783751659,0.009820164717185432,0.0192349743489762,0.025089942955775518,0.005670445463938464,0.014417520125860442,0.050468936374718616
2004-10-31,0.012884927205359054,0.014789767461335711,0.03313904664607483,0.07448010977824576,0.011814379694774666,0.023978475279746284,0.09125305260255458
2004-11-30,0.044517340570915165,0.017127617581272722,0.06383984777997039,0.10108969184248166,0.06896394632299335,0.06680783896570351,0.09855491898857377
2004-12-31,0.030120840185823505,0.0287073838887419,0.013152452257290781,-0.03427876328106494,-0.003725590259139322,-0.004318955241801037,-0.04668266120577513
2005-01-31,-0.022420613993697547,0.0008217777174462718,-0.008291261793013264,0.02298769396034213,-0.01675552090081453,-0.011247060529690303,0.02006219883429953
2005-02-28,0.02090364173838477,0.006654081751484719,0.022110284071824967,0.0389486387589674,0.013181776337581792,0.01618790355091804,0.03792114452843046
2005-03-31,-0.018292837808949525,-0.012794088585434071,-0.0187198288449377,-0.019893898761519167,-0.005674150105123694,-0.017287116314049784,-0.043803353824330094
2005-04-30,-0.018735025082175838,0.004219162769883234,-0.00277581321973332,-0.023965365361428317,0.002942914389163845,-0.009973849993386168,-0.04959875985253137
2005-05-31,0.03222465596761781,0.031885217515868904,0.02973560098371124,0.028254041829188836,0.0204482660576785,0.030393539936461413,0.061792217771349016
2005-06-30,0.0015146952569631278,0.009567894094261087,-0.0058469703464760344,-0.03622629407039843,-0.02254670057458971,-0.01827790079789729,-0.020798427148022606
2005-07-31,0.038261495441888504,0.009433534509544117,0.039819941866560224,0.048014225779234095,0.02735559555777293,0.04095693368656542,0.05919346336701891
2005-08-31,-0.009374349140509053,0.008281560334315485,0.006843633039294028,0.013220445825085754,0.005292692497324843,0.0031421498939046277,0.007111816469402205
2005-09-30,0.008025367808239814,-0.009636443007726925,0.013645988416211759,0.03820875462573651,0.003231237818547051,0.007204001371539983,0.03705859493294545
2005-10-31,-0.023650799864531447,-0.023154081905902887,-0.010553442886961832,-0.002997754899668796,-0.02471503439353705,-0.01637289763960431,0.022058235407391047
2005-11-30,0.04395256966429417,0.029132717795867125,0.05637627366701917,0.051661451828458764,0.0386442781259499,0.051703791614425385,0.08917099161763156
2005-12-31,-0.0019139949606119533,0.010778706689350992,0.011447119858078584,-0.016604999263178044,-0.0032166961801984215,-0.004085114318635119,-0.020611502155915673
2006-01-31,0.02401441638121149,0.009054698878664258,0.038196481599388495,0.016850566668726124,0.01782317445358285,0.02865573880149086,0.04405420732767902
2006-02-28,0.00572521288014749,0.007866811444476918,0.002509801783707453,-0.006579123886289319,0.0016184229747371317,0.0035349907469576338,0.0019383070489563587
2006-03-31,0.016504291511715063,-0.008376986965298183,0.012568214947335296,-0.0032630038820330685,0.013130238010912494,0.014984510988236688,-0.0029787383506153092
2006-04-30,0.012631904102270664,-0.0034309186349154716,0.012291313374749039,0.016817680211219814,-0.01034738791660686,-0.00010126133332297171,0.0521331087634097
2006-05-31,-0.03012125077645067,-0.018835698564271138,-0.043079135017189706,-0.049917147051396105,-0.03281768601600737,-0.04464966703475731,-0.07460209927629274
2006-06-30,0.0026083323626266974,0.006277752323053942,-0.0017640876785771557,-0.007476574967690705,0.0013554503946908059,-0.0023850578440273457,-0.0195516444115059
2006-07-31,0.004478605476467168,0.011340680219141096,0.030238697245883087,0.05121566526684668,0.034066461132921375,0.019524603234886823,0.033862856799594394
2006-08-31,0.021822688419178338,0.025317861171037848,0.029548366997803995,0.027661928997074016,0.039220569034345114,0.034104833881681354,0.01123609390108331
2006-09-30,0.027001125679463778,0.023860481608920604,0.029336147314503788,0.02437701236729897,0.020025404501397975,0.02864761354419195,0.050441322880505804
2006-10-31,0.0315168608090326,0.022296801801499424,0.03159896695714971,0.029601698128702093,0.02575359601473067,0.031173384496748602,0.04468808102248585
2006-11-30,0.019884726429008293,0.021163829865530826,0.027899900017918772,0.013369193328357029,0.000737219538921724,0.01525231089618857,0.039741914318612154
2006-12-31,0.013371538316750087,-0.002759950913303345,0.0007848115788685093,-0.0016923215285901579,0.012688452939572114,0.006762371329422529,-0.012929194366477659
2007-01-31,0.01504039911679178,0.005043683123239527,0.026631595801627446,0.039449804357590816,0.02854934528169559,0.027760606006463864,0.040962878567201405
2007-02-28,-0.019617360665407757,0.0017854173750347715,-0.013689746439357652,-0.024475562988714093,-0.02424915619415609,-0.021775539855193152,-0.017241057378617624
2007-03-31,0.011588802276066401,0.00015198347937053162,0.002164033348520359,-0.006982679934302131,-0.009322329941805554,-0.0016318879305835133,0.010786343918623284
2007-04-30,0.0442952367949514,0.0301972118786312,0.04464290205200306,0.05182220165411246,0.053654419653877114,0.04988734889249617,0.07511022083240859
2007-05-31,0.03392038807735864,0.01109714069879053,0.028426244637059284,0.028237958614085065,0.015970073119376732,0.025442789143546134,0.06246735761513277
2007-06-30,-0.014620297456929943,-0.012826118269897413,-0.02177352262765709,-0.03246547145038272,-0.026115727676439937,-0.02588782586058719,-0.044116074388071115
2007-07-31,-0.03131059958578608,-0.005510084763554923,-0.01152649794061017,-0.02133373400412704,-0.029601043067566803,-0.024728806848390576,-0.015581215227577425
2007-08-31,0.01283269710684376,0.014850123210624577,0.023377387853167026,0.02962956755225588,0.027217548406667107,0.024166403457120452,0.027263163081260217
2007-09-30,0.03871453745483522,0.02414184948143201,0.04132343149390903,0.04146373823810077,0.03795026502341161,0.04041263322724337,0.05354538267600065
2007-10-31,0.013566521437136547,0.01540409051075544,0.05735556193234892,0.05485695013061669,0.025669658327662572,0.05030399260136256,0.08563264372374549
2007-11-30,-0.03873236866255603,-0.0018341744379028989,-0.027559439140966844,-0.0254742496193442,-0.012490781519659024,-0.03511533616150213,-0.05955690087505148
2007-12-31,-0.011260705880667299,-0.009267353765570262,0.011187003675574727,-0.005998355306190195,-0.012142533180753867,-0.010670272542775194,-0.006059843117013575
2008-01-31,-0.060461183711525646,-0.027892914529059794,-0.044918692043971364,-0.07543494268667014,-0.040164604500572264,-0.05408268329234859,-0.11078357395059628
2008-02-29,-0.025842559633131534,-0.01732711684747996,-0.03687407195965321,-0.03392368223218151,-0.03308256747668114,-0.04185469389129239,-0.061773432196597415
2008-03-31,-0.00894247985489871,0.003189911615973262,0.023520780746091565,0.024720651590943388,0.02176138440677855,0.02392270070897661,0.03778392122159787
2008-04-30,0.04766258224049458,0.018652445591148533,0.03933067828407869,0.018585585298291005,0.01674465090588676,0.03624846218760858,0.047684653627447206
2008-05-31,0.015116829015918487,-0.001682841914655021,0.008259794675801542,-0.0006413724202007642,-2.0919130529085256e-05,0.008141585402515175,0.026804360734510903
2008-06-30,-0.08357600918691876,-0.039531164610505314,-0.07386566995034972,-0.11303729075075454,-0.09465372421555425,-0.09467079425800767,-0.118594987083797
2008-07-31,-0.008985980336375543,-0.00686148100074504,0.018249232801278548,0.012677586143484808,0.03716697533269673,0.028233546614311864,0.00824454597628644
2008-08-31,0.015453586393202157,0.02022975649835499,0.017378424969600306,0.033437600313675556,0.02957447332311605,0.022862592825098574,0.025770263127310785
2008-09-30,-0.09417315518703318,-0.050600301601941636,-0.05485066537024281,-0.12040952274487535,-0.06387627269363513,-0.06610457512677431,-0.11279903933609559
2008-10-31,-0.16518667959486222,-0.10655465064815699,-0.14189095281526126,-0.1135918840390898,-0.15839122851008106,-0.17307382328073984,-0.11331216113811347
2008-11-30,-0.06960674318858662,0.015601589250726834,-0.06932238647847741,-0.10418976713231805,-0.08260297081604323,-0.09833802785445656,-0.10734401866440846
2008-12-31,0.009796183720581775,0.06048699867970275,0.03940360512773604,-0.022264540203472266,-0.003604425006954126,0.02433783257041844,-0.02369313807035789
2009-01-31,-0.08211442275615632,-0.10155194566532658,-0.056048842774252323,-0.05673886642011306,-0.07134317101385815,-0.06571812463091756,-0.052497814430570146
2009-02-28,-0.10744875120811392,-0.07059703114017965,-0.0905101663916077,-0.10306560359513099,-0.12502084221004495,-0.11796891782541287,-0.10558713332100203
2009-03-31,0.08331103796863304,0.06617609755573653,0.07265143076721844,0.06453638669146541,0.0597627767812057,0.08143882501613026,0.0641201053841259
2009-04-30,0.09934546078309237,0.03179902037543973,0.1020066577110055,0.1046214422426134,0.06819957897581881,0.11449832722519994,0.09439086934860545
2009-05-31,0.05845380618464846,0.020292796436240667,0.0448240388033237,0.06987187543592481,0.04469250686611964,0.04598715652703072,0.0708883673762543
2009-06-30,-0.0006550497553636792,0.0026112803716147773,-0.0004598108809446,-0.004557447424047773,0.013672933284718221,0.00426770842793036,-0.0019421127582675128
2009-07-31,0.07460576557262777,0.04706763277780559,0.06515608318610497,0.07212029134522116,0.06343810123781461,0.07146127134983256,0.07333157090916194
2009-08-31,0.03693941598799855,0.031087042638687643,0.042047482167047054,0.022670193663335243,0.016572990510769582,0.040650692709087236,0.04198392396660273
2009-09-30,0.03545712992939598,0.031107016011939014,0.04180948931558103,0.04389434352308268,0.04090012568774885,0.04227404100112012,0.03909111075216183
2009-10-31,-0.01922497441579929,-0.021999710887620073,-0.014405301729924647,-0.009693249747275113,-0.00740062643135064,-0.018923941097421224,-0.007579635749289201
2009-11-30,0.06160671209782498,0.04181582432043847,0.057667854734744166,0.0599032269642456,0.06721279221345196,0.06163112975756047,0.0511388110601619
2009-12-31,0.019100991031324677,-0.013921965964192309,0.0170189563588526,0.01196797049417686,0.013937194733935602,0.019273637442597025,0.016717944716625355
2010-01-31,-0.036342681158822,-0.011036957658244017,-0.0298046556671769,-0.04303016095748349,-0.022041241720790156,-0.034063157575766556,-0.06731104308447393
2010-02-28,0.031194821535533768,0.017347453516478147,0.03851650122432193,0.03206655948757413,0.02915289844417308,0.04004563191811734,0.042109941344184436
2010-03-31,0.06087991421171979,0.028298338946365444,0.05573042327240732,0.053190116793559145,0.03544706180466396,0.06015536140893817,0.06960252880848151
2010-04-30,0.015470076385610598,0.02256904275772853,0.028547120219749447,0.027601854233278964,0.0067116798822773015,0.021610185739130722,0.02998066963021408
2010-05-31,-0.0794544527046881,-0.027238734555508515,-0.05140175469800368,-0.07561867189249467,-0.07737495859686863,-0.07358201660066457,-0.06765188801119995
2010-06-30,-0.05174119422769963,-0.00785350523135999,-0.04018360565840104,-0.03271142008606144,-0.03866375210995083,-0.05055061710067334,-0.05336471468875118
2010-07-31,0.06830048336805139,0.0371944170818816,0.04781025941908133,0.023773366166745427,0.042181070380988464,0.057889983336709826,0.06714686048417842
2010-08-31,-0.044980434102363964,0.006575631960367433,-0.03281600336372537,-0.039322308477057935,-0.037235696918803435,-0.04805061422046974,-0.053937647500463155
2010-09-30,0.08955467898726233,0.04365142543458389,0.07015590039858953,0.08798541985159024,0.06043090997151056,0.08174881822253433,0.09263369053914476
2010-10-31,0.038201957096755335,0.0050441670420628935,0.03673458371976858,0.05041003060443465,0.05064320634492255,0.04503557912341442,0.045171813326465825
2010-11-30,0.0,-0.006757250220683898,0.000516667099173181,-0.0069639006398651525,-0.024849014757173354,-0.007872068933657182,0.00567558293316242
2010-12-31,0.06685258492219726,0.025315364337434684,0.048377924618915776,0.033006926077162366,0.048046783529586204,0.05618068225076666,0.050279567444754036
2011-01-31,0.023300017703323128,0.0016550453478844738,0.011036535625187967,0.007851815329056532,-0.006081265508257081,0.01299251132670893,0.027431154088159212
2011-02-28,0.03473723844290855,0.027443068205812306,0.023553059862091094,0.024147214826438158,0.013920029519132383,0.021368341705598252,0.04009806127930493
2011-03-31,0.00012012675793360295,0.00018941773893863534,-0.00390110757838437,-0.017902043895404562,-0.02361042182507781,-0.008596819734097367,-0.0015356278745430178
2011-04-30,0.028961294192848097,0.026733326248413826,0.03306736593633409,0.04073700389134515,0.05388988773016829,0.03795552530480436,0.02078124466997632
2011-05-31,-0.011214341852161192,0.006962787198386811,-0.0014892427100988259,-0.004437679748068593,0.008098383246920256,-0.0030351782467449434,-0.015624869183149141
2011-06-30,-0.01686950068286308,-0.019414088144962725,-0.014220074429547336,-0.03217876557606188,-0.019588616020409802,-0.015718240504780732,-0.024770907695322822
2011-07-31,-0.02000495660882795,0.005655116330498557,-7.68813746175508e-05,0.028847546864082668,-0.0017972095670017903,-0.011621954556393541,0.02610003956580062
2011-08-31,-0.054975469568066426,0.005685015632203874,-0.02223533015253132,-0.011527498357707631,-0.005528083741588717,-0.03748466868903243,-0.05806619268514817
2011-09-30,-0.06942086937117553,0.01117192861894259,-0.053079691158222746,-0.026417538893420967,-0.04327156275941477,-0.06509253891125641,-0.06566713498810241
2011-10-31,0.10914730519618221,0.050171401383627544,0.08237325821986959,0.051402364577441226,0.051147423994757114,0.08892879124560722,0.11544573956582391
2011-11-30,-0.004063829063106761,0.005517952671050753,-0.010706676432324059,-0.016391023093333342,-0.009198461155384013,-0.01501081536749318,-0.017387923030479323
2011-12-31,0.010448370560764086,0.020048513246391408,0.014521771043049525,0.011089619915543913,0.01795464972595684,0.016788821386569473,0.01621182147012412
2012-01-31,0.04637465812898456,0.026505380770184047,0.05521890540955062,0.05852159025768783,0.029832094385067887,0.05165913175815141,0.08263212655411034
2012-02-29,0.04340528780457209,0.015655162234131215,0.03807453287856179,0.07347934320062048,0.05585405381936647,0.04798940679915827,0.06479543445177338
2012-03-31,0.03216376652517128,0.0023541594182377307,0.030653582511166514,0.03669673974602357,0.019974896994313478,0.03322501275214722,0.05502431841678912
2012-04-30,-0.006675388355515288,0.015331755776636858,-0.006410207565907363,-0.022871313265333117,-0.017762916303225896,-0.012970244291610254,-0.0058751933421119715
2012-05-31,-0.060056081924216076,6.777408847591371e-05,-0.05114227209804937,-0.03246864616707049,-0.044597830248199646,-0.06194428630303278,-0.05343948473636146
2012-06-30,0.04058156156278958,0.017636100286729305,0.03389985888538023,0.02956552802001464,0.036570892982602195,0.03878962381632997,0.024662742399669896
2012-07-31,0.011829285412258583,0.022366582285391214,0.018800140119528484,0.03385788825402068,0.028266693599559745,0.018627215720782398,0.026552774085771075
2012-08-31,0.025052509274787305,0.009755917044932748,0.026158624523100204,0.03076040548783485,0.02335412824122119,0.026771291702767874,0.03756845752379111
2012-09-30,0.02535092645921,0.005079610339161355,0.013836641328469157,0.007421310687016805,0.01452954811659874,0.014223447302650141,0.00010779144812349262
2012-10-31,-0.018198083097671458,-0.012854865178671182,-0.010716869598324918,-0.021102742082426358,-0.00788412002699005,-0.011314286119604009,-0.018026151661490707
2012-11-30,0.00565957890160429,0.008032413045207276,-0.0033974520534322187,-0.00578451248862823,-0.0038239605387307227,-0.004615268626089103,-0.003397246541550063
2012-12-31,0.00893482653032307,-0.00458956543042528,0.0040771719550955305,-0.024007422822227897,-0.008102501498077778,0.004866952820162466,-0.016292614185376197
2013-01-31,0.0511894918941771,0.01797213333468037,0.022588585324288386,0.004271885991020699,0.040469535854149245,0.03450450540478372,-0.011581045924264871
2013-02-28,0.012759284235522195,0.012610391772125862,0.011483183237137611,0.007852796910312956,0.013436314248067195,0.012684052924230929,0.006297349081519593
2013-03-31,0.03797127860706273,0.021104824742481165,0.02701427742486308,0.02945818808456724,0.033305277883562696,0.03189533316235315,0.03385998234279379
2013-04-30,0.019212104927891493,0.03026711146649812,0.02608463642914653,0.024120631341318838,0.027905461708561702,0.0319673797527035,0.013409809706329375
2013-05-31,0.023609780973241845,-0.012877956657488678,0.019030932618787966,0.0017013853206576356,0.00485787870660925,0.02220821865172174,0.013245164567223055
2013-06-30,-0.013344621303195692,-0.021091886506989677,-0.023950811517292243,-0.021935494849460842,-0.017533427355992004,-0.017545624291760435,-0.030308553306335185
2013-07-31,0.05167739363617874,0.021974631897261298,0.04652108375725805,0.0713172910423972,0.06502766905552633,0.051927061558526694,0.08360325981515623
2013-08-31,-0.029992539457879164,-0.023357176834483507,-0.012971931161174262,-0.026884942703972157,-0.026198809238947775,-0.02311075113841684,-0.015465583073127067
2013-09-30,0.03164636297688905,0.021594875555766845,0.014407596543643365,0.0005020583043018612,0.0027346417270956817,0.020377722314189543,0.0202599215720369
2013-10-31,0.04630672827535243,0.03350549017790722,0.04656135794681068,0.07602604752657612,0.06744192551160293,0.05402996565678556,0.06210590162258508
2013-11-30,0.0296378031544533,0.006969561534444455,0.027057347806566285,0.04113711711624312,0.034857921946728314,0.0318913902791038,0.05593565948244422
2013-12-31,0.025926468964631022,0.008077565409744292,0.0018576587773690165,-0.0030632756801356083,-0.01153910642455256,0.004077078075464546,0.012146927704014638
2014-01-31,-0.03524860834215082,0.004061885754646926,-0.013109457659211017,-0.02880676776175612,-0.030394949931660878,-0.023714138035783348,-0.02447962546360917
2014-02-28,0.0455162540651366,0.029405724833797286,0.03780962233342175,0.04074555806603564,0.03825758407067887,0.04094951241329968,0.04560596844079902
2014-03-31,0.008295579114175,0.007906194095886531,0.014318767972656283,0.031101736957920453,0.026553111390983725,0.014865709846012841,0.020798437406026108
2014-04-30,0.006951523984136232,0.012551622620011884,0.0060855978377970295,0.010432767694421283,0.018230648836995156,0.005391872813366499,0.0128102987867449
2014-05-31,0.02320618716103029,0.02572198723823691,0.01472905224838048,0.011089377449762915,0.01000190486847465,0.014580575321133722,0.01791299106761153
2014-06-30,0.020644850929259384,0.011381616259403591,0.016940562468170963,0.00454605789935161,0.006809086272006272,0.0144940882772148,0.007747729326464586
2014-07-31,-0.013437783942086279,-0.005405966443480325,-0.0029671926462827495,-5.0077479040415776e-05,-0.006861827865309817,-0.007373073074529065,0.017096151731152608
2014-08-31,0.03946352169274947,0.04257315972115014,0.04156463661290187,0.05154131224134432,0.049900194991015515,0.04363300470090396,0.047771771335658395
2014-09-30,-0.013796242738686515,-0.01672692990222513,-0.010208173701979994,0.011389650954189756,-0.0006217492942448659,-0.011002286587358186,0.005275567581454789
2014-10-31,0.02355090977719554,0.025404749952928452,0.03137392669060146,0.029995490375838988,0.033760244456211085,0.03465486830257486,0.04096497875867604
2014-11-30,0.027471922308494934,0.02835289802620404,0.0256302421790625,0.025725502638786386,0.022828096831557933,0.024892426944544764,0.03156702718720282
2014-12-31,-0.0025363277120534766,0.011483456374049683,0.0022659842493255367,-0.011393221713024038,-0.010370470969610412,-0.00633970095212999,-0.024023683058709944
2015-01-31,-0.029629405759426408,0.021485352889091574,-0.0037247887698529307,-0.005866426028547485,-0.01668569351274137,-0.0201796716327743,-0.009885371838890655
2015-02-28,0.05620479752948193,0.009169518393156873,0.03779697799383678,0.03966235466000338,0.03983370183055476,0.04726784587796823,0.08421774312792904
2015-03-31,-0.015705532135296574,-0.005054402638414545,-0.012475708289748422,-0.01615751117066011,-0.015990903977939973,-0.016033674930388167,-0.028741988575271722
2015-04-30,0.009833506827970018,-0.007800658710173326,0.002760694483716919,-0.02126297565807948,-0.0024729558088780867,0.001683582254177746,-0.0027646820374601262
2015-05-31,0.01285633325494917,-0.001776067450362984,0.012819791269145136,0.017258425965914478,0.010357839996632779,0.012967961422789087,0.031655256512129054
2015-06-30,-0.02031211758583329,-0.02847529063714547,-0.020070280722309024,-0.027037071901826398,-0.025387812603786936,-0.020952467573573354,-0.032697630202120145
2015-07-31,0.022589093029730112,0.03173750685397962,0.019901776174115215,0.04652423812825446,0.030018676193670768,0.02324493546292845,0.03203611627450645
2015-08-31,-0.06094993405337745,-0.0393279994936734,-0.04889375482104714,-0.05724156548949663,-0.06238250576247928,-0.061353393367232036,-0.05988043647528876
2015-09-30,-0.02551631093955309,-0.0074422688403496615,-0.011499179421855136,-0.018356239369366954,-0.012288022417039687,-0.01706468743725073,-0.029668578533696727
2015-10-31,0.08505963776526282,0.04940065066567745,0.07490779251766487,0.0989092019592928,0.0850748922052479,0.08470732639874967,0.09590680539826082
2015-11-30,0.0036552860917173913,-0.0012775544401292028,0.0038240614217237567,0.0067732678074225545,0.005420697257726243,0.004691412874412669,0.01693116236469928
2015-12-31,-0.017282181812031783,-0.011558231176631994,-0.008284492127832369,-0.009359461133970792,-0.0107086982277379,-0.010477932511817278,-0.022203350934226207
2016-01-31,-0.0497867107943778,-0.00757977257665423,-0.021210937363492065,-0.02945164239499301,-0.03552943293847805,-0.03435737612668938,-0.03832690594976415
2016-02-29,-0.0008258366273929951,0.011848526365424128,-0.0003706654787826761,-0.008683253313892763,-0.007190768602814828,-0.008605437656908467,-0.020376972643063505
2016-03-31,0.06726564106889454,0.03998604354664059,0.05341116248221129,0.06716496906348118,0.0638606454859817,0.06406423074521876,0.07104492768672102
2016-04-30,0.003941370937475819,-0.0005813423369687601,-0.005208024536264122,-0.006311177830457619,0.0014354199459282423,-0.0042860382742368475,-0.056636287958765595
2016-05-31,0.017011503300942366,0.013428717934170732,0.02117100263869965,0.024103904142542328,0.01831168791949029,0.021554197171088297,0.04517940264272513
2016-06-30,0.003476107384372984,0.02982229674824728,0.018391512790989814,0.03263837447450471,0.02298139828170714,0.0140977984690731,-0.005507382476387029
2016-07-31,0.036470969524034835,0.030292694141567364,0.03614325877650834,0.021333722412541896,0.03114155453282007,0.03514248351077071,0.043993599418293644
2016-08-31,0.0011978066893900685,-0.003335172184804902,0.0019036102803669111,-0.01358303756409252,-0.0030362926098129557,0.0010312333018280885,0.0035835901074713545
2016-09-30,5.794820327142958e-05,-0.005998941076423759,0.006018050642648983,-0.003995410022725641,0.0011460940086519239,0.005237826195439112,0.014483983083058802
2016-10-31,-0.01733732595866322,-0.02792485737322259,-0.008856350498463273,-0.0007901427671175194,-0.01525107654382726,-0.012976574848102648,0.0051236166155851776
2016-11-30,0.03683856304200983,-0.010751754107479396,0.014141155743977275,0.025799445220449687,0.025924536469191975,0.02317999698453341,0.019560162577078054
2016-12-31,0.02027174141707344,0.010312597952505075,0.01829876991446522,0.011543776066092927,0.015433096907974786,0.017968307365321512,0.01761290947456444
2017-01-31,0.017894939855760406,0.013994020811075902,0.016513351050541785,-0.003967579384024662,0.009334206035426009,0.015297205891458157,0.005864228931572128
2017-02-28,0.039291256242671935,0.029913084343875337,0.04583805378166961,0.06027456433547617,0.04923140337062826,0.04800562636043399,0.0588839138500018
2017-03-31,0.0012500780001833967,-0.0018705363209511553,0.001084137260358209,-0.014686290548618641,-0.007260209864125473,-0.00016970132927264015,0.002005529843315527
2017-04-30,0.00992618589524863,0.012248369667794901,0.011746907952144134,0.006471027385128633,0.008758605868011832,0.011081233204936907,0.015552161380272819
2017-05-31,0.014113051725551884,0.01601954155620815,0.014148164584014777,0.020399412473379695,0.013860224999629297,0.015740598745295,0.021765852168165654
2017-06-30,0.00637467434467287,0.006992258435778753,0.005329085112015604,0.0128883450244392,0.012161976405785532,0.006683919467379629,0.0028438008059771987
2017-07-31,0.020554018705226218,0.009699247261941001,0.019703344438156637,0.02334510215703824,0.020325518278753656,0.022087686640885545,0.03111087920544233
2017-08-31,0.0029179130434049405,0.015385474435635694,0.019778560867461326,0.023941322389819383,0.009040046195207896,0.014211345586509022,0.04043189644297911
2017-09-30,0.020149449291184007,0.002797976175652604,0.00562123682353702,0.01677427751173664,0.014438174375853041,0.009777247780037503,0.012131803937528485
2017-10-31,0.023564074322300677,0.013984218639062006,0.029469127830224144,0.041318170777251265,0.01862924105862266,0.027892447623456065,0.07058333587898108
2017-11-30,0.030565932739453627,0.02131221448380356,0.024877582220420594,0.04113583780938482,0.03098641287658969,0.029275579721049334,0.027775081441275776
2017-12-31,0.012127879779769035,0.014527160620021108,0.006245911561827818,-0.004419046785875236,0.004176387951365768,0.0027789613918945966,-0.015020907739769163
2018-01-31,0.05635912807564569,0.020793294055568446,0.02835085798705038,0.04839435329644705,0.02232646097524881,0.03183930937573966,0.07586116380884303
2018-02-28,-0.03636028020867099,-0.03398191790975382,-0.023265084145846174,-0.01654686282280719,-0.04164447766630041,-0.03304376946811958,0.007378232428525103
2018-03-31,-0.027410496534793438,-0.005007653734221849,-0.01198968901904159,-0.022966419326069194,-0.008825200587069579,-0.01646372910066423,-0.030517411553146537
2018-04-30,0.005168314917094685,-0.005251443266049271,-0.009380505306357322,-0.02298990300651373,-0.021902890998806462,-0.012510329672645749,-0.017373705512336694
2018-05-31,0.02430877657407038,0.022602863204650346,0.027105042623744958,0.007333574401185903,0.012193234705590465,0.024629408098068597,0.02977003676453573
2018-06-30,0.005750813137627153,0.0060335293995118725,-0.00013862218142108863,-0.01966925384728881,0.004962716285392735,0.001078985989740178,-0.023531125298421655
2018-07-31,0.03704678779071502,0.0164806167815668,0.03456096500664682,0.05158655341835115,0.041222278674256124,0.04180217673168259,0.04603369995082188
2018-08-31,0.031920157074248445,0.024400277617270438,0.03154432256997291,0.028635664443250376,0.019154786027651225,0.03148105919348327,0.05480335048422391
2018-09-30,0.005945052156451025,-0.007890191233463328,0.004009553594539051,0.019271166715906934,0.007401160601450692,0.005462511579769751,0.01008663986988183
2018-10-31,-0.06910413744413091,-0.05318468242391916,-0.04377625855726627,-0.06275056296473099,-0.050110874843375314,-0.05559722153390429,-0.07046327176133849
2018-11-30,0.018549255492934957,0.018278408217866457,0.009315664030384928,0.01912278759270912,0.03034807905857029,0.014154974887908164,-0.03104767818602233
2018-12-31,-0.0880486369069996,-0.02941515523196616,-0.06497702333174298,-0.0807897316751404,-0.08004929095587118,-0.08521224307187755,-0.1046166096018046
2019-01-31,0.08006593831482922,0.04955385627725999,0.06440737996237905,0.05585428451047934,0.07284154965815975,0.07436700686287823,0.059577440319266255
2019-02-28,0.032415689801341685,0.013943957229118054,0.03042732953795014,0.038434167091040077,0.03054137461940943,0.03444810651966734,0.038329127988559954
2019-03-31,0.018100634683585914,0.03314693543193674,0.02061440810249823,0.022283446157790616,0.017644437287967357,0.019070472446903495,0.036869397099686715
2019-04-30,0.040852254430064905,0.016547003570574325,0.04458505710694007,0.07358009180563217,0.04592583992759352,0.05009055315950847,0.09384585646411625
2019-05-31,-0.0637711558446663,-0.010905778743842243,-0.036649650381044084,-0.045254739723780336,-0.042434624284744184,-0.05102450617487907,-0.08139362815834132
2019-06-30,0.06958639862742033,0.04555228679993388,0.05975383384907813,0.06698288692402192,0.05647718045254868,0.06281806571047283,0.08279725277079415
2019-07-31,0.015119589645855358,0.01009785587796066,0.020614453050205758,0.03912576651200271,0.02227896493882357,0.017820048987724706,0.0333228728412168
2019-08-31,-0.016743617487713358,0.0341504676388869,0.007088935678858806,0.004314407912280403,0.011126793359397112,-0.005990749288923316,-0.022274115721820604
2019-09-30,0.019457677856042244,0.0009549594048674486,0.01893534940320769,0.027963292028616905,0.01934610587260859,0.022036192325880354,0.03865910392206517
2019-10-31,0.022104750916354776,0.008809706752708066,0.021904560131299176,0.009124919448405447,0.010010679076176116,0.022808122940662545,0.028971332396710365
2019-11-30,0.0361984814874583,0.02009076047735712,0.02432614842924361,0.015799722785360147,0.011679032636785734,0.02703641889432366,0.044897404311918424
2019-12-31,0.02905542398934191,0.00464337260961325,0.02524982976034124,0.013226778267228956,0.02189292333952527,0.023901632001957496,0.018719616516384874
2020-01-31,-0.00040390742886176056,0.030522181837577555,0.02077443647448738,0.03663927964126002,0.018449242891569927,0.012040083785555194,0.021636794914628624
2020-02-29,-0.07916552723756176,-0.02099338504179435,-0.06313399174887108,-0.08417574167358205,-0.08120021080625717,-0.07942567917038204,-0.0914711624926214
2020-03-31,-0.12487133870671552,-0.04941608067825344,-0.08646469971033266,-0.0741020072494225,-0.0984077390009914,-0.11114357593660977,-0.08261964918428402
2020-04-30,0.12698333127813122,0.08106583632333857,0.09528502491531024,0.11605532604681407,0.10549268525063328,0.10708428776661512,0.12935516989152973
2020-05-31,0.04764511298713758,0.02153937989956507,0.02738949271974067,0.023993402029077557,0.012925551242597262,0.02937728956520079,0.04543503632789842
2020-06-30,0.01773454337918312,0.011987191501614047,0.019917512468211385,0.04771703538693496,0.011420224606350575,0.02004497843134137,0.07292277824163043
2020-07-31,0.05889247329999914,0.05307601150225846,0.05362940211329528,0.06953203349533595,0.05592100251521331,0.05304529670022552,0.07930806008088027
2020-08-31,0.06979674502552746,0.02169203261856607,0.058241621078762185,0.09810454155067838,0.05643324421713343,0.06888120255398313,0.11901422509383307
2020-09-30,-0.037443901188589646,-0.019372756164265682,-0.03456951035537666,-0.05072187017102887,-0.03313478212047143,-0.039292083840810364,-0.06153308282153286
2020-10-31,-0.02493349783778409,-0.028500864195531973,-0.023994778257447277,-0.03406032883129164,-0.0371285077173395,-0.02767800040436942,-0.03640141120465654
2020-11-30,0.10877711112692867,0.07192173998123903,0.08546135169430284,0.06557755768887785,0.06663878450046318,0.10169487576734558,0.07306919873621745
2020-12-31,0.037047996883236234,0.01731826222745729,0.04358023314828003,0.03256616912622334,0.031156166024861067,0.0449596519095494,0.02670190115889881
2021-01-31,-0.010190151357733379,-0.02064504548696542,-0.009539215731719104,-0.010371119273839715,-0.017753247434412235,-0.009440628811695967,-0.007072621773565939
2021-02-28,0.02780533917322603,-0.006249004475001343,0.0067856938333541676,-0.02391070570416154,-0.0038198785761563367,0.01286603303880601,-0.019003209651870148
2021-03-31,0.045399294895181574,0.006258776129996101,0.03262438159295557,0.03319102253482664,0.054539469798149824,0.041003613467366445,0.02958076576096973
2021-04-30,0.0529105862292536,0.04172686744480329,0.03709709324838325,0.039154839298465395,0.03395779599735833,0.03908625999795015,0.049354117364591055
2021-05-31,0.006565839219472069,0.003948014518756926,0.01503329395476912,-0.004808231420455295,0.012985875222418898,0.012369676579236766,-0.014040535823924599
2021-06-30,0.022427581674542063,0.031132989438179548,0.012597575331781215,0.04522857596569122,0.01417949908092002,0.013679502849387152,0.05932637127077136
2021-07-31,0.024412341379871583,0.029514065309281044,0.02659755329218562,0.045362030908798034,0.03716292823509747,0.027573252218826692,0.03922075278422045
2021-08-31,0.029760057054470268,0.016495436397339393,0.021433982836718136,0.031015972006320027,0.019335215708762787,0.023113949930315812,0.04067337759802631
2021-09-30,-0.046605581195567125,-0.039591489260247824,-0.03847150424466507,-0.04826585615188149,-0.044907797559494395,-0.04527665878868846,-0.05576515828089259
2021-10-31,0.07016374052389507,0.051958346742059194,0.04614549860584321,0.07942591766294338,0.05186594608285159,0.05247896503946835,0.08398311805459499
2021-11-30,-0.00803483096559987,0.006264968666989401,-0.007582656014014333,0.0017198617326567474,-0.013695217123788432,-0.014131204998073616,0.015972404634888283
2021-12-31,0.04624761107418607,0.019693328062933488,0.04562140423898826,0.05336081792178849,0.07856700895425021,0.0550385558512451,0.025999003073238627
2022-01-31,-0.052741198425556024,-0.04730023893595765,-0.04194716831965069,-0.054096042605453844,-0.042433986704402286,-0.048840620175827805,-0.05957028174857689
2022-02-28,-0.02951706567767609,-0.024242285277718368,-0.010339894951857187,-0.030249243265578887,-0.008865221556593313,-0.01768813450559529,-0.04428186272676664
2022-03-31,0.037590447447671815,0.0007767056108184157,0.019809663582132306,0.014991463563242595,0.023731828139917616,0.02445649900640596,0.03232426780125383
2022-04-30,-0.08776922546419619,-0.0903569508954821,-0.05159953769103301,-0.04281668895159191,-0.022252033794485107,-0.05617655662924185,-0.09082945954996083
2022-05-31,0.002257470205181189,-0.007658737350794854,-0.0059999884303170384,-0.024991174198309304,-0.016581707218421008,-0.007348704650913742,-0.013453325377025017
2022-06-30,-0.08246043456078178,-0.0545745475685925,-0.05435350012240121,-0.03790473654434718,-0.039463106783017746,-0.06446819998766291,-0.051754399170641514
2022-07-31,0.09208745721448253,0.06497664827843819,0.057933901881618885,0.06561572221804436,0.018992283609808064,0.06252867644295296,0.08962522773509704
2022-08-31,-0.04080196376956147,-0.04269361890261207,-0.030655530397456904,-0.03168489633782213,-0.03669951822155053,-0.03654550196636996,-0.03847493418142722
2022-09-30,-0.09244596325750487,-0.08840806282215079,-0.07402930566987242,-0.07477806722894452,-0.06216078693411621,-0.0832823912017777,-0.08044046322228317
2022-10-31,0.08127560754282381,0.02490778644121576,0.07333288470327269,0.08119357671797525,0.08166705177299716,0.08668679514495874,0.06843587362449634
2022-11-30,0.055591450743358806,0.06195898854972155,0.049819577403772033,0.01613613196647736,0.053705122725342946,0.05308217426238626,0.023188418936348855
2022-12-31,-0.05762823715948262,-0.045057047701531225,-0.03532000724229299,-0.0438669263028465,-0.035247244610643214,-0.04957161517702435,-0.05443472407180807
2023-01-31,0.06288743832723886,0.0683069464569927,0.02863398834917392,-0.04556882395112502,-0.04731718793270029,0.02013960188569769,-0.014274908380438725
2023-02-28,-0.025142569587976116,-0.03448772227393944,-0.018454430626362015,5.848668255723985e-05,-0.02490135689141867,-0.021931894880061028,0.004694098673384738
2023-03-31,0.037077631405266764,0.04160390792638387,0.03151026152327637,0.06593576504961549,0.04342677230597456,0.030729679801163576,0.06664497953403833
2023-04-30,0.01597490814963587,0.010938338663034841,0.023486359415603685,0.03340527045466125,0.03338004235178409,0.026233584413017128,0.03256409466003059
2023-05-31,0.004616192305534561,-0.00929133634422441,-0.007394123191797234,-0.022342307261738338,-0.04327830769294309,-0.013160249514921382,-0.0008414975394863168
2023-06-30,0.0647998658012987,0.03974824440910818,0.05063437429260282,0.05681672588557735,0.05612454184752915,0.059983144066181056,0.06480239908255707
2023-07-31,0.032733367428087856,0.009462973252807403,0.015590061253523742,0.011126500914818871,0.014372239509930086,0.018779281191719083,0.026217389241755304
2023-08-31,-0.016252186054393047,-0.022319620861985513,-0.026202193382373885,-0.03370504857052252,-0.026580034215246788,-0.030581808631817663,-0.04200768498712376
2023-09-30,-0.04743445773916055,-0.06026517044125428,-0.03978488694163868,-0.028359287565828863,-0.0357636392343938,-0.043446564356061305,-0.04146799367789795
2023-10-31,-0.02170855382618131,-0.034877940177683864,-0.00395274671307914,0.02834834543827764,0.007093087055535061,-0.009715132172794865,0.008566368320380605
2023-11-30,0.09134384751034208,0.09450199156243695,0.07478589821626332,0.0790960830472512,0.05584172123816382,0.07944442203347447,0.10151586398585463
2023-12-31,0.04565537122034469,0.06213620593917755,0.03789477754503803,0.005775343130014252,0.006228744639076071,0.035958596007886444,0.02882089992390707
2024-01-31,0.01592645171427942,0.0005752478746798399,-0.00026545968673160985,0.0057020155599072885,0.007258344220726534,0.0001598070257981081,-0.0010467284930361295
2024-02-29,0.052186785307856365,0.022303168463402252,0.024485164721861078,0.030907829351508553,0.030167209696167197,0.02886997637486578,0.028590794251126855
2024-03-31,0.032701961970842186,0.022752800470408063,0.023429065972880008,0.024930210669522924,0.017391942836098868,0.018905980631217643,0.016830513738008285
2024-04-30,-0.04031961762320124,-0.05001352388774745,-0.034694317714175985,-0.027685272289783912,-0.03259725774946449,-0.04334653781819819,-0.03314868015726511
2024-05-31,0.05057969836764631,0.04189571780647494,0.03748793160530212,0.017034673955047604,0.007067675687670687,0.03853452555616309,0.045632071491015155
2024-06-30,0.03528010238526291,0.028436545722552033,0.023547218984323784,0.017376285505477797,0.002490939161020299,0.022032101877509227,0.04359977796019352
2024-07-31,0.012109038346461487,0.02178517502305906,0.02996737552177903,0.02043983366316382,0.04280065945139283,0.029603113433865864,0.007199141246966169
2024-08-31,0.023365694906978707,0.022464340187664876,0.028960504479764393,0.04430852933829241,0.04780011435832281,0.03213927508126991,0.024020541847260678
2024-09-30,0.02100458893667101,0.02060050884808122,0.010531254500921369,0.002251998321320163,0.00721643474142271,0.006713522481495772,-0.0007006934791302828
2024-10-31,-0.008923564198756617,-0.027173667904205393,-0.012272936722453397,-0.023460580846330542,-0.028333749510400342,-0.018619801961435194,-0.016941429225400477
2024-11-30,0.059633414664085116,0.043728920265479324,0.046768493783887984,0.03980665918413924,0.02458792387403389,0.051088246975834535,0.05345984196100084
2024-12-31,-0.02049661371852962,-0.03580661993719754,-0.030039259461426004,-0.02114934279659608,-0.046003943347433456,-0.03609775658897447,-0.009893539144718985
